City_ID,City,Country,Lat,Lng,Max Temp,Humidity,Cloudiness,Wind Speed,Current Description
0,Hasaki,JP,35.7333,140.8333,54.28,54,17,13.27,few clouds
1,Port Alfred,ZA,-33.5906,26.891,68.27,93,100,25.41,light rain
2,Cape Town,ZA,-33.9258,18.4232,64.11,88,75,5.99,broken clouds
3,Ribeira Grande,PT,38.5167,-28.7,63.66,74,30,13.02,scattered clouds
4,Busselton,AU,-33.65,115.3333,86.09,31,45,10.45,scattered clouds
5,Khatanga,RU,71.9667,102.5,-23.6,96,100,12.41,overcast clouds
6,Viedma,AR,-40.8135,-62.9967,56.62,57,5,11.81,clear sky
7,Shelbyville,US,35.4834,-86.4603,60.12,42,90,1.01,overcast clouds
8,Upernavik,GL,72.7868,-56.1549,20.3,75,100,6.62,overcast clouds
9,Tasiilaq,GL,65.6145,-37.6368,26.76,91,100,49.66,snow
10,Jamestown,US,42.097,-79.2353,36.99,88,1,1.99,clear sky
11,Kvitok,RU,56.0724,98.4813,21.74,82,100,12.71,overcast clouds
12,Punta Arenas,CL,-53.15,-70.9167,48.31,57,75,10.36,broken clouds
13,Gat,IL,31.61,34.7642,58.91,12,76,8.12,broken clouds
14,Bull Savanna,JM,17.8868,-77.5902,74.01,85,84,6.13,broken clouds
15,Shingu,JP,33.7333,135.9833,54.59,53,0,4.88,clear sky
16,Puerto Ayora,EC,-0.7393,-90.3518,68.31,92,34,6.44,scattered clouds
17,Ostrovnoy,RU,68.0531,39.5131,5.95,95,83,8.52,broken clouds
18,Tuatapere,NZ,-46.1333,167.6833,52.83,88,100,6.62,light rain
19,Vryburg,ZA,-26.9566,24.7284,64.65,85,100,17.05,overcast clouds
20,Sokoto,NG,13.0609,5.239,68.81,19,4,10.36,clear sky
21,Victoria,HK,22.2855,114.1577,71.26,45,87,1.01,overcast clouds
22,Ilulissat,GL,69.2167,-51.1,37.42,41,100,36.82,light rain
23,Vila Velha,BR,-20.3297,-40.2925,73.35,91,75,2.3,broken clouds
24,Nova Olinda Do Norte,BR,-3.8881,-59.0942,74.25,96,51,1.7,broken clouds
25,Kruisfontein,ZA,-34.0033,24.7314,60.89,97,100,15.32,light rain
26,Rikitea,PF,-23.1203,-134.9692,76.05,73,92,9.19,overcast clouds
27,Omboue,GA,-1.5746,9.2618,76.84,93,99,6.17,light rain
28,Yellowknife,CA,62.456,-114.3525,-25.08,75,75,5.75,light snow
29,Kasamwa,TZ,-2.85,32.4333,66.07,87,92,2.91,overcast clouds
30,Naze,JP,28.3667,129.4833,61.72,64,95,10.71,overcast clouds
31,Kodiak,US,57.79,-152.4072,20.71,79,1,3.44,light snow
32,Acapulco,MX,16.8634,-99.8901,78.39,74,24,4.43,few clouds
33,Alamogordo,US,32.8995,-105.9603,56.21,37,75,0.0,broken clouds
34,Ushuaia,AR,-54.8,-68.3,46.06,61,75,19.57,broken clouds
35,Albany,US,42.6001,-73.9662,37.35,76,35,7.92,scattered clouds
36,Cidreira,BR,-30.1811,-50.2056,70.09,83,81,17.67,broken clouds
37,Nanortalik,GL,60.1432,-45.2371,32.77,99,100,14.0,snow
38,Sitka,US,57.0531,-135.33,30.09,86,75,4.61,light snow
39,Uribia,CO,11.7139,-72.266,79.3,79,85,14.63,overcast clouds
40,Mtambile,TZ,-5.3833,39.7,78.42,79,5,1.95,light rain
41,Barrow,US,71.2906,-156.7887,17.62,67,20,29.93,few clouds
42,Richards Bay,ZA,-28.783,32.0377,71.4,96,100,11.21,light rain
43,Shumskiy,RU,54.8318,99.1328,24.96,66,98,10.87,overcast clouds
44,Nantucket,US,41.2835,-70.0995,45.97,70,1,12.66,clear sky
45,Te Anau,NZ,-45.4167,167.7167,43.79,97,100,4.92,light rain
46,Kudahuvadhoo,MV,2.6708,72.8944,82.18,77,23,11.3,few clouds
47,Lesnoy,RU,57.6198,63.0784,34.03,98,100,10.33,light rain
48,Mar Del Plata,AR,-38.0023,-57.5575,61.09,88,90,1.01,moderate rain
49,Jambi,ID,-1.6,103.6167,82.38,73,100,3.56,heavy intensity rain
50,Morro Bay,US,35.3658,-120.8499,54.91,89,5,1.99,clear sky
51,Laguna,US,38.421,-121.4238,54.23,95,90,0.0,mist
52,Miles City,US,46.4083,-105.8406,34.77,69,1,14.97,clear sky
53,Vardo,NO,70.3705,31.1107,20.62,69,43,30.69,scattered clouds
54,Zaraza,VE,9.3503,-65.3245,73.22,91,66,4.85,broken clouds
55,Arraial Do Cabo,BR,-22.9661,-42.0278,72.3,82,4,9.98,clear sky
56,Atuona,PF,-9.8,-139.0333,78.66,75,7,16.37,clear sky
57,Nikolskoye,RU,59.7035,30.7861,10.02,93,87,6.4,overcast clouds
58,Port Hardy,CA,50.6996,-127.4199,39.2,93,1,9.22,clear sky
59,Marechal Candido Rondon,BR,-24.5561,-54.0567,69.26,61,81,3.33,broken clouds
60,Hithadhoo,MV,-0.6,73.0833,81.86,79,70,13.85,broken clouds
61,Fria,GN,10.4167,-13.5833,72.21,98,15,2.66,few clouds
62,Avarua,CK,-21.2078,-159.775,78.85,89,20,4.61,few clouds
63,Kapaa,US,22.0752,-159.319,71.92,75,90,1.01,light rain
64,Hermanus,ZA,-34.4187,19.2345,62.91,93,100,19.86,light rain
65,Jedrzejow,PL,50.6394,20.3045,34.2,67,100,3.0,overcast clouds
66,Pingliang,CN,35.5392,106.6861,47.98,15,0,2.42,clear sky
67,Goderich,CA,43.7501,-81.7165,35.92,51,100,13.8,overcast clouds
68,Senador Jose Porfirio,BR,-2.5908,-51.9542,73.22,93,97,3.06,light rain
69,Bredasdorp,ZA,-34.5322,20.0403,59.29,95,100,19.08,moderate rain
70,Hobart,AU,-42.8794,147.3294,74.01,48,40,1.01,scattered clouds
71,San Rafael,AR,-34.6177,-68.3301,62.98,74,100,3.8,overcast clouds
72,Dikson,RU,73.5069,80.5464,-8.07,98,100,23.8,light snow
73,Carnarvon,AU,-24.8667,113.6333,82.47,61,0,8.05,clear sky
74,Bethel,US,41.3712,-73.414,41.49,79,1,3.44,clear sky
75,Bluff,NZ,-46.6,168.3333,52.81,77,100,10.8,overcast clouds
76,Chippewa Falls,US,44.9369,-91.3929,32.18,65,90,5.75,overcast clouds
77,Clarence Town,AU,-32.5833,151.7833,70.95,71,98,9.55,overcast clouds
78,Breytovo,RU,58.2993,37.8617,6.76,88,100,6.71,overcast clouds
79,Bani Walid,LY,31.7566,13.9942,46.76,64,0,9.8,clear sky
80,Payo,ID,-3.7508,103.6372,76.1,90,100,2.8,moderate rain
81,Hilo,US,19.7297,-155.09,68.25,93,90,3.44,light rain
82,Mataura,NZ,-46.1927,168.8643,52.48,99,100,4.97,overcast clouds
83,Praia Da Vitoria,PT,38.7333,-27.0667,63.75,100,75,6.26,broken clouds
84,Ambilobe,MG,-13.2,49.05,81.19,60,33,5.97,scattered clouds
85,Zaozerne,UA,45.1582,33.2787,41.95,88,99,7.58,overcast clouds
86,Maniitsoq,GL,65.4167,-52.9,36.66,71,100,36.48,light rain
87,Homer,US,59.6425,-151.5483,19.27,91,40,0.0,scattered clouds
88,Lipari,IT,38.4674,14.954,56.91,69,38,16.33,scattered clouds
89,Nsanje,MW,-16.92,35.262,80.22,59,1,1.86,clear sky
90,Hofn,IS,64.2539,-15.2082,29.25,60,30,7.87,scattered clouds
91,Chama,CH,47.1821,8.4636,39.36,84,98,2.98,overcast clouds
92,Kindersley,CA,51.4668,-109.1682,26.38,93,90,2.3,overcast clouds
93,Paita,PE,-5.0892,-81.1144,66.88,80,86,10.63,overcast clouds
94,Nadvoitsy,RU,63.8667,34.3167,0.46,91,6,6.22,clear sky
95,Broken Hill,AU,-31.95,141.4333,76.71,27,89,8.05,overcast clouds
96,Airai,TL,-8.9266,125.4092,74.1,66,100,1.34,overcast clouds
97,Columbus,US,39.9612,-82.9988,36.16,80,20,0.0,few clouds
98,Kichera,RU,55.9375,110.0997,20.77,79,100,7.38,overcast clouds
99,New Norfolk,AU,-42.7826,147.0587,73.65,31,1,5.01,clear sky
100,Iqaluit,CA,63.7506,-68.5145,6.53,84,90,31.0,light snow
101,Mount Gambier,AU,-37.8333,140.7667,71.51,35,0,16.11,clear sky
102,Saint-Philippe,RE,-21.3585,55.7679,81.99,77,39,11.59,scattered clouds
103,Okha,RU,53.5739,142.9478,7.09,82,98,13.04,overcast clouds
104,Tatarsk,RU,55.219,75.9828,28.92,94,92,13.53,overcast clouds
105,East London,ZA,-33.0153,27.9116,67.14,100,90,14.97,light rain
106,Ler,SS,8.3018,30.1418,75.87,37,39,5.19,scattered clouds
107,Sao Filipe,CV,14.8961,-24.4956,75.15,75,100,9.17,overcast clouds
108,Narasannapeta,IN,18.4167,84.05,71.6,88,100,6.6,overcast clouds
109,Marsa Matruh,EG,31.3525,27.2453,55.6,67,0,14.97,clear sky
110,Oussouye,SN,12.485,-16.5469,73.58,71,100,6.44,overcast clouds
111,Norman Wells,CA,65.282,-126.8329,-36.36,67,20,4.61,few clouds
112,Georgetown,MY,5.4112,100.3354,86.9,69,20,3.0,few clouds
113,Lodja,CD,-3.4833,23.4333,67.55,100,97,1.99,light rain
114,Buin,CL,-33.7333,-70.75,75.74,40,0,0.85,clear sky
115,Seoul,KR,37.5683,126.9778,45.01,36,0,3.44,clear sky
116,Shubarshi,KZ,48.5872,57.1869,27.95,70,22,6.67,few clouds
117,Bataipora,BR,-22.2953,-53.2711,75.04,48,91,4.12,overcast clouds
118,Port Moresby,PG,-9.4431,147.1797,85.42,74,75,11.5,broken clouds
119,Ahipara,NZ,-35.1667,173.1667,72.72,70,29,12.82,scattered clouds
120,Half Moon Bay,US,37.4636,-122.4286,54.79,89,90,8.05,overcast clouds
121,Buluang,PH,13.3068,123.3425,83.32,56,74,10.36,broken clouds
122,Bonavista,CA,48.6499,-53.1147,30.11,58,90,25.43,overcast clouds
123,Akranes,IS,64.3218,-22.0749,36.16,72,100,23.26,overcast clouds
124,Conde,BR,-7.2597,-34.9075,78.26,94,75,5.75,broken clouds
125,Mossendjo,CG,-2.9506,12.7261,70.45,100,93,0.92,overcast clouds
126,Butaritari,KI,3.0707,172.7902,83.14,79,100,18.59,overcast clouds
127,Kropotkin,RU,45.4375,40.5756,48.63,83,100,12.3,moderate rain
128,Seddon,AU,-37.8068,144.8916,73.22,48,40,11.5,scattered clouds
129,Castro,BR,-24.7911,-50.0119,57.96,99,46,5.82,scattered clouds
130,Porto Recanati,IT,43.4365,13.6613,56.25,49,100,6.82,overcast clouds
131,Jabinyanah,TN,35.035,10.9081,46.2,51,0,14.47,clear sky
132,Leshukonskoye,RU,64.8989,45.7622,2.35,98,66,5.21,broken clouds
133,Awjilah,LY,29.1081,21.2869,54.43,78,4,10.16,clear sky
134,Eseka,CM,3.65,10.7667,73.78,97,100,1.19,moderate rain
135,Leningradskiy,RU,69.3833,178.4167,-21.51,93,56,4.83,broken clouds
136,Santa Maria,BR,-29.6842,-53.8069,72.7,73,0,11.5,clear sky
137,La Rioja,ES,42.25,-2.5,36.48,91,93,6.6,overcast clouds
138,Caravelas,BR,-17.7125,-39.2481,70.92,94,5,3.69,light rain
139,Maragogi,BR,-9.0122,-35.2225,77.16,86,64,8.79,broken clouds
140,Novaya Lyalya,RU,59.055,60.599,10.51,90,100,6.33,overcast clouds
141,Sile,TR,41.1754,29.6133,54.57,77,86,6.51,overcast clouds
142,Santiago Del Estero,AR,-27.7951,-64.2615,69.8,50,100,3.8,overcast clouds
143,Jizan,SA,17.3333,42.6667,74.34,69,0,4.83,clear sky
144,Omsukchan,RU,62.5333,155.8,-34.49,96,18,4.07,few clouds
145,Kavieng,PG,-2.5744,150.7967,81.46,82,100,16.64,moderate rain
146,Rocha,UY,-34.4833,-54.3333,59.05,96,92,3.78,overcast clouds
147,Gympie,AU,-26.1898,152.665,78.17,65,85,9.22,overcast clouds
148,Pacific Grove,US,36.6177,-121.9166,54.66,85,90,1.99,overcast clouds
149,Ankang,CN,32.68,109.0172,55.2,48,0,1.72,clear sky
150,San Patricio,US,28.017,-97.5169,73.89,85,100,10.6,overcast clouds
151,Aitape,PG,-3.1374,142.3475,84.24,74,98,9.04,overcast clouds
152,Uusikaupunki,FI,60.8004,21.4084,5.52,83,38,11.63,scattered clouds
153,Codrington,AU,-38.2667,141.9667,62.69,47,0,14.38,clear sky
154,Sinnamary,GF,5.3833,-52.95,76.57,91,100,7.78,overcast clouds
155,Veraval,IN,20.9,70.3667,77.45,59,3,9.6,clear sky
156,Christiana,ZA,-27.914,25.1611,62.58,83,100,16.58,light rain
157,Lagos,NG,6.5833,3.75,80.92,90,84,3.06,broken clouds
158,Mayo,US,38.8876,-76.5119,50.05,72,1,1.01,clear sky
159,Lamar,US,33.6668,-95.5836,66.36,94,90,5.75,overcast clouds
160,Boksitogorsk,RU,59.474,33.8485,2.89,93,100,6.04,overcast clouds
161,Lorengau,PG,-2.0226,147.2712,81.25,85,100,16.4,heavy intensity rain
162,Rockland,US,41.1668,-74.0496,43.45,77,47,5.1,scattered clouds
163,Lata,PT,40.1629,-8.3327,51.82,78,81,7.85,broken clouds
164,San Quintin,MX,30.4833,-115.95,58.23,88,69,12.82,broken clouds
165,Sabha,LY,27.0377,14.4283,46.38,54,12,5.68,few clouds
166,Fortuna,US,40.5982,-124.1573,51.42,94,90,1.99,overcast clouds
167,Thompson,CA,55.7435,-97.8558,-14.64,84,40,5.75,scattered clouds
168,Khambhaliya,IN,22.2072,69.6683,71.11,43,30,12.44,scattered clouds
169,Bor,RU,56.3567,44.0669,26.53,80,98,7.94,overcast clouds
170,Severo-Kurilsk,RU,50.6789,156.125,31.28,68,91,23.73,overcast clouds
171,Aklavik,CA,68.2191,-135.0107,-21.17,85,5,8.21,clear sky
172,Maarianhamina,AX,60.0973,19.9348,15.66,86,90,10.36,light snow
173,Tigil,RU,57.8,158.6667,20.61,94,100,17.4,light snow
174,Saint Anthony,US,45.0205,-93.218,30.4,87,90,1.99,snow
175,Vaini,TO,-21.2,-175.2,84.36,65,40,12.66,scattered clouds
176,Bowling Green,US,36.9903,-86.4436,54.12,58,90,6.91,overcast clouds
177,Ardakan,IR,32.31,54.0175,44.98,38,5,4.99,clear sky
178,Bathsheba,BB,13.2167,-59.5167,81.21,74,20,18.41,few clouds
179,Qaanaaq,GL,77.484,-69.3632,5.86,63,96,7.56,overcast clouds
180,Chokurdakh,RU,70.6333,147.9167,-41.6,100,57,3.65,broken clouds
181,Namatanai,PG,-3.6667,152.4333,86.25,67,100,11.52,light rain
182,Karema,TZ,-6.8205,30.4389,73.42,63,60,4.18,broken clouds
183,Sao Joao Da Barra,BR,-21.6403,-41.0511,71.89,80,0,2.75,clear sky
184,Souillac,MU,-20.5167,57.5167,82.36,69,40,9.22,scattered clouds
185,Baykit,RU,61.67,96.37,-1.21,96,100,3.53,overcast clouds
186,Suntar,RU,62.1444,117.6319,6.4,82,80,11.63,broken clouds
187,Santarem,BR,-2.4431,-54.7083,75.33,94,75,0.0,broken clouds
188,Manggar,ID,-2.8833,108.2667,77.86,88,97,12.64,light rain
189,Brits,ZA,-25.6347,27.7802,66.81,80,100,7.45,light rain
190,Cessnock,AU,-32.8333,151.35,70.23,76,100,9.31,overcast clouds
191,Yangambi,CD,0.8102,24.4336,70.54,99,100,2.28,light rain
192,Samarai,PG,-10.6167,150.6667,84.65,72,97,9.1,overcast clouds
193,Nador,MA,35.174,-2.9287,61.05,72,0,23.02,clear sky
194,Cap Malheureux,MU,-19.9842,57.6142,82.47,67,4,8.01,clear sky
195,Jumla,NP,29.2747,82.1838,55.15,35,0,2.91,clear sky
196,Bambous Virieux,MU,-20.3428,57.7575,82.22,69,40,9.22,scattered clouds
197,Inuvik,CA,68.3499,-133.7218,-15.59,73,1,4.61,clear sky
198,Visby,SE,57.6409,18.296,29.05,80,23,8.05,few clouds
199,Raudeberg,NO,61.9875,5.1352,36.27,92,100,1.01,overcast clouds
200,Ransang,PH,8.9603,117.5828,84.0,72,17,5.66,few clouds
201,Longyearbyen,SJ,78.2186,15.6401,19.24,73,75,18.41,broken clouds
202,Pevek,RU,69.7008,170.3133,-26.14,99,24,5.39,few clouds
203,Margate,GB,51.3813,1.3862,40.96,84,100,10.0,overcast clouds
204,Arlit,NE,18.7369,7.3853,65.59,21,52,4.9,broken clouds
205,Irbeyskoye,RU,55.6428,95.4522,24.31,78,100,13.02,overcast clouds
206,Kutum,SD,14.2,24.6667,62.55,32,4,6.08,clear sky
207,Andenes,NO,69.3143,16.1194,14.07,73,2,10.36,clear sky
208,Constitucion,CL,-35.3333,-72.4167,61.34,57,0,8.01,clear sky
209,Mahebourg,MU,-20.4081,57.7,82.26,69,40,9.22,scattered clouds
210,Pimentel,PE,-6.8367,-79.9342,66.06,86,100,12.5,overcast clouds
211,Cabo San Lucas,MX,22.8909,-109.9124,77.5,72,1,0.0,clear sky
212,San Juan,AR,-31.5375,-68.5364,66.7,62,97,5.32,overcast clouds
213,Lebu,CL,-37.6167,-73.65,52.97,89,0,17.2,clear sky
214,Torbay,CA,47.6666,-52.7314,30.67,59,1,23.02,clear sky
215,Walvis Bay,NA,-22.9575,14.5053,58.08,82,0,2.3,clear sky
216,Poum,NC,-20.2333,164.0167,81.36,72,6,7.31,clear sky
217,Arman,RU,59.7,150.1667,-15.99,96,48,4.88,scattered clouds
218,Esquipulas,GT,14.5667,-89.35,62.47,98,49,6.02,scattered clouds
219,Ponferrada,ES,42.5466,-6.5962,45.21,91,98,5.99,overcast clouds
220,Srednekolymsk,RU,67.45,153.6833,-45.56,100,59,1.92,broken clouds
221,Aldan,RU,58.6031,125.3894,21.27,89,100,16.17,light snow
222,Lompoc,US,34.6391,-120.4579,55.13,85,1,0.0,clear sky
223,Coihaique,CL,-45.5752,-72.0662,57.15,62,75,4.61,broken clouds
224,Chuy,UY,-33.6971,-53.4616,63.09,94,92,7.16,overcast clouds
225,Saskylakh,RU,71.9167,114.0833,-17.23,97,100,10.83,overcast clouds
226,Saryozek,KZ,44.3583,77.9753,43.79,42,100,1.3,overcast clouds
227,Punta Alta,AR,-38.8759,-62.0736,53.65,75,81,8.75,broken clouds
228,Port Blair,IN,11.6667,92.75,82.42,69,68,12.41,broken clouds
229,Cherdyn,RU,60.403,56.4787,21.47,96,100,5.3,overcast clouds
230,Teacapan,MX,22.55,-105.75,73.26,77,86,4.85,overcast clouds
231,Naifaru,MV,5.4444,73.3657,82.63,74,73,9.15,broken clouds
232,Maumere,ID,-8.6199,122.2111,84.88,69,97,6.38,light rain
233,Netivot,IL,31.4222,34.5886,58.62,41,68,8.03,broken clouds
234,Batticaloa,LK,7.7102,81.6924,81.27,78,0,2.95,clear sky
235,Vila,PT,42.0304,-8.1588,43.32,82,71,6.51,broken clouds
236,Mon,IN,26.75,95.1,73.17,55,53,3.44,broken clouds
237,Tyrma,RU,50.0833,132.1667,10.38,90,100,2.62,overcast clouds
238,Paamiut,GL,61.994,-49.6678,30.96,98,99,15.55,snow
239,Oliveira Dos Brejinhos,BR,-12.3169,-42.8961,65.64,92,67,3.04,broken clouds
240,Winslow,US,35.0242,-110.6974,42.98,49,1,8.05,clear sky
241,Shache,CN,38.4167,77.2406,33.48,29,11,1.36,few clouds
242,Cao Bang,VN,22.6667,106.25,72.45,42,31,0.96,scattered clouds
243,Esperance,AU,-33.8667,121.9,78.64,53,0,13.18,clear sky
244,Waitati,NZ,-45.75,170.5667,51.66,96,100,10.49,light rain
245,Anadyr,RU,64.75,177.4833,25.3,86,75,42.5,light snow
246,Umm Kaddadah,SD,13.6017,26.6876,69.13,25,3,13.76,clear sky
247,Kamenka,RU,51.3223,42.7678,25.75,79,100,5.84,overcast clouds
248,Vanimo,PG,-2.6741,141.3028,85.39,70,100,9.48,overcast clouds
249,Chitral,PK,35.8462,71.7858,42.87,94,100,4.03,light rain
250,Nemuro,JP,43.3236,145.575,36.03,46,12,15.28,few clouds
251,Oktyabrskiy,RU,54.4815,53.471,30.6,90,100,7.9,overcast clouds
252,Brenham,US,30.1669,-96.3977,71.38,80,90,4.61,overcast clouds
253,Talnakh,RU,69.4865,88.3972,-29.79,98,100,7.54,overcast clouds
254,Sorland,NO,67.667,12.6934,27.9,66,23,13.58,few clouds
255,Am Timan,TD,11.0297,20.2827,73.8,28,22,6.6,few clouds
256,Sola,VU,-13.8833,167.55,86.67,74,75,5.75,broken clouds
257,Aguada De Cima,PT,40.5229,-8.427,53.49,77,76,7.34,broken clouds
258,Camalu,MX,30.85,-116.0667,56.21,92,53,8.77,broken clouds
259,Los Llanos De Aridane,ES,28.6585,-17.9182,62.35,64,40,14.0,scattered clouds
260,Kokopo,PG,-4.352,152.2633,84.11,76,100,9.26,moderate rain
261,Hof,DE,50.3167,11.9167,35.8,91,75,11.5,broken clouds
262,Vestmannaeyjar,IS,63.4427,-20.2734,38.75,70,99,29.82,overcast clouds
263,Komsomolskiy,UZ,40.4272,71.7189,39.92,75,100,4.61,mist
264,Saint George,US,37.1041,-113.5841,53.55,42,1,3.0,clear sky
265,Klaksvik,FO,62.2266,-6.589,36.52,58,99,18.63,overcast clouds
266,Salalah,OM,17.0151,54.0924,73.38,43,0,10.76,clear sky
267,Tenenkou,ML,14.4572,-4.9169,71.46,18,97,10.07,overcast clouds
268,Puerto Escondido,MX,15.85,-97.0667,78.42,68,0,3.38,clear sky
269,Bonthe,SL,7.5264,-12.505,78.91,83,50,4.34,scattered clouds
270,Ancud,CL,-41.8697,-73.8203,54.93,76,0,3.74,clear sky
271,Lagoa,PT,39.05,-27.9833,63.03,78,13,10.36,few clouds
272,Naron,ES,43.5167,-8.1528,52.65,78,69,15.5,broken clouds
273,Itoman,JP,26.1247,127.6694,72.37,43,40,12.66,scattered clouds
274,Makakilo City,US,21.3469,-158.0858,71.92,70,90,8.05,light intensity drizzle
275,Clyde River,CA,70.4692,-68.5914,12.43,85,100,34.52,snow
276,Yar-Sale,RU,66.8333,70.8333,-20.88,98,17,5.59,few clouds
277,Kabin Buri,TH,13.9511,101.7177,75.38,46,100,9.6,overcast clouds
278,Pangnirtung,CA,66.1451,-65.7125,15.94,94,100,3.11,light snow
279,Faanui,PF,-16.4833,-151.75,81.05,67,38,12.84,scattered clouds
280,Marienburg,PL,54.0359,19.0266,34.12,86,100,5.23,overcast clouds
281,Kavaratti,IN,10.5669,72.642,81.27,77,26,10.71,scattered clouds
282,Korla,CN,41.7597,86.1469,33.8,43,99,0.63,overcast clouds
283,Asau,RO,46.4333,26.4,30.76,78,100,4.41,overcast clouds
284,Surt,LY,31.2089,16.5887,57.45,67,6,15.17,clear sky
285,Eureka,US,40.8021,-124.1637,51.67,94,55,1.01,broken clouds
286,Haines Junction,CA,60.7522,-137.5108,-34.65,67,19,0.0,few clouds
287,Lishu,CN,43.3047,124.3278,38.68,69,6,21.23,clear sky
288,Villachuato,MX,20.1667,-101.5833,53.44,33,7,2.57,clear sky
289,Ca Mau,VN,9.1769,105.15,80.1,51,46,4.97,scattered clouds
290,Jinchang,CN,38.4953,102.1739,43.65,11,0,2.1,clear sky
291,Tuktoyaktuk,CA,69.4541,-133.0374,-23.8,69,1,6.91,clear sky
292,Zhigansk,RU,66.7697,123.3711,-13.13,98,100,11.1,light snow
293,Hay River,CA,60.8156,-115.7999,-23.82,76,20,6.91,few clouds
294,Huangpu,CN,25.4433,113.1747,63.54,44,0,2.82,clear sky
295,Abha,SA,18.2164,42.5053,44.85,81,0,0.0,clear sky
296,Sotnikovo,RU,51.8845,107.4791,32.09,55,75,15.66,broken clouds
297,Kashi,CN,39.4547,75.9797,27.61,50,20,6.71,few clouds
298,Nevelsk,RU,46.6733,141.8633,23.43,68,99,20.45,overcast clouds
299,Tallahassee,US,30.4383,-84.2807,60.64,97,90,1.99,fog
300,Paramonga,PE,-10.6667,-77.8333,66.58,87,100,6.71,overcast clouds
301,Rypefjord,NO,70.6333,23.6667,18.07,67,0,4.61,clear sky
302,Havre-Saint-Pierre,CA,50.2334,-63.5986,23.59,67,1,14.97,clear sky
303,Olafsvik,IS,64.8945,-23.7142,36.25,73,100,22.01,overcast clouds
304,Barcelos,PT,41.5388,-8.6151,50.14,87,50,6.67,scattered clouds
305,Weyburn,CA,49.6668,-103.8511,26.82,93,100,10.36,light snow
306,Kaitangata,NZ,-46.2817,169.8464,49.48,94,100,12.08,light rain
307,Chipinge,ZW,-20.1883,32.6236,67.78,53,15,3.65,few clouds
308,Rossland,CA,49.0831,-117.8022,27.32,92,45,1.99,scattered clouds
309,Patrocinio,BR,-18.9439,-46.9925,66.96,92,1,5.93,clear sky
310,Boulder,US,40.0833,-105.3505,49.62,35,1,5.01,haze
311,Bilibino,RU,68.0546,166.4372,-36.47,95,65,4.5,broken clouds
312,Husavik,IS,66.0449,-17.3389,13.91,77,48,15.23,scattered clouds
313,Kilgore,US,32.3863,-94.8758,68.63,88,75,4.61,broken clouds
314,Trincomalee,LK,8.5711,81.2335,81.09,70,0,1.52,clear sky
315,Khuzdar,PK,27.7384,66.6434,56.68,46,1,3.91,clear sky
316,Tomarovka,RU,50.6834,36.2331,25.56,83,77,4.56,broken clouds
317,Morondava,MG,-20.2833,44.2833,81.27,74,16,4.36,few clouds
318,Chicama,PE,-7.8447,-79.1469,63.14,82,88,4.97,overcast clouds
319,Skibbereen,IE,51.55,-9.2667,40.8,68,5,15.35,clear sky
320,Narsaq,GL,60.9167,-46.05,37.62,98,100,12.24,moderate rain
321,Lasa,IT,46.6166,10.7002,33.26,94,100,6.49,light snow
322,Seydi,TM,39.4816,62.9137,40.93,48,65,1.7,broken clouds
323,Ferrol,ES,43.4832,-8.2369,52.32,74,68,17.83,broken clouds
324,Hovd,MN,48.0056,91.6419,23.29,50,6,1.39,clear sky
325,Elizabethton,US,36.3487,-82.2107,58.48,81,90,0.0,overcast clouds
326,Deep River,CA,46.1001,-77.4995,22.95,76,86,6.22,overcast clouds
327,Chifeng,CN,42.2683,118.9636,42.91,22,0,10.65,clear sky
328,Urucui,BR,-7.2294,-44.5561,72.73,94,100,1.28,light rain
329,Binga,ZW,-17.6203,27.3414,79.79,42,72,1.68,broken clouds
330,Losal,IN,27.4,74.9167,69.85,51,0,7.54,clear sky
331,Guanica,PR,17.9716,-66.908,77.32,85,9,1.99,clear sky
332,Tass,HU,47.021,19.0299,33.49,90,100,5.46,snow
333,Mount Isa,AU,-20.7333,139.5,101.97,16,40,13.8,scattered clouds
334,Katsuura,JP,35.1333,140.3,51.84,62,71,13.53,broken clouds
335,Oksfjord,NO,70.2396,22.3479,18.52,75,1,6.49,clear sky
336,Lazaro Cardenas,MX,17.9583,-102.2,76.17,81,57,3.06,broken clouds
337,Riyadh,SA,24.6877,46.7219,48.34,32,2,5.39,clear sky
338,Terenos,BR,-20.4422,-54.8603,83.91,51,20,6.91,few clouds
339,Pokrovsk,UA,48.282,37.1758,32.13,93,100,14.52,overcast clouds
340,Laurel,US,39.0993,-76.8483,48.72,62,40,1.01,scattered clouds
341,Flin Flon,CA,54.7682,-101.865,-1.77,89,99,5.26,overcast clouds
342,Moron,AR,-34.6534,-58.6198,70.0,81,97,5.01,overcast clouds
343,Maralal,KE,1.0968,36.698,56.68,89,27,5.64,scattered clouds
344,Dakar,SN,14.6937,-17.4441,72.48,94,100,2.3,overcast clouds
345,Asmara,ER,15.3333,38.9333,51.15,71,0,1.54,clear sky
346,Saint-Georges,GD,12.0564,-61.7485,80.28,83,20,16.11,few clouds
347,Pumiao,CN,22.75,108.4833,66.6,25,10,7.16,clear sky
348,Sioux Lookout,CA,50.1001,-91.917,7.18,92,20,2.3,few clouds
349,Tuy Hoa,VN,13.0833,109.3,71.8,83,100,16.55,overcast clouds
350,Cherskiy,RU,68.75,161.3,-39.68,100,74,0.98,broken clouds
351,Messina,IT,38.1933,15.5497,56.57,78,40,1.99,scattered clouds
352,Namibe,AO,-15.1961,12.1522,69.13,73,40,3.94,scattered clouds
353,Hamilton,US,39.1834,-84.5333,40.98,70,1,1.01,clear sky
354,Canmore,CA,51.0834,-115.3521,21.31,79,70,4.61,broken clouds
355,Lembang,ID,-6.8117,107.6175,69.87,77,99,5.23,overcast clouds
356,San Jose,US,37.3394,-121.895,54.75,100,75,5.75,mist
357,Znamenskoye,RU,57.1281,73.8282,33.55,88,100,13.06,overcast clouds
358,Kuytun,RU,54.3419,101.5036,20.43,78,97,10.38,overcast clouds
359,Mackay,AU,-21.15,149.2,91.69,66,0,13.8,clear sky
360,Warwick,US,41.7001,-71.4162,44.94,80,84,1.01,broken clouds
361,Cururupu,BR,-1.8283,-44.8683,75.02,97,94,2.86,overcast clouds
362,Port Macquarie,AU,-31.4333,152.9167,69.76,75,100,11.68,overcast clouds
363,Muvattupula,IN,9.9667,76.5833,82.15,74,22,0.6,few clouds
364,Ola,RU,59.5833,151.2833,-15.86,92,98,9.53,overcast clouds
365,Touros,BR,-5.1989,-35.4608,79.7,82,17,12.44,few clouds
366,Emerald,AU,-23.5333,148.1667,87.94,58,40,3.44,scattered clouds
367,Tricase,IT,39.9304,18.3553,42.15,70,6,10.4,clear sky
368,Jiazi,CN,22.8779,116.067,68.47,46,6,13.65,clear sky
369,Meulaboh,ID,4.1363,96.1285,83.64,70,52,3.22,broken clouds
370,Ondjiva,AO,-17.0667,15.7333,69.6,69,100,3.96,overcast clouds
371,Tiksi,RU,71.6872,128.8694,-18.4,92,100,0.47,overcast clouds
372,Aquin,HT,18.2833,-73.4,76.48,81,94,1.92,overcast clouds
373,Bayir,TR,37.2687,28.2167,48.72,97,100,1.41,overcast clouds
374,Tulare,US,36.2666,-118.8009,41.76,46,0,4.74,clear sky
375,Verkhnevilyuysk,RU,63.4453,120.3167,4.96,88,93,8.34,overcast clouds
376,Timra,SE,62.487,17.3257,16.68,73,90,11.5,light snow
377,Katherine,AU,-14.4667,132.2667,100.72,34,40,10.36,scattered clouds
378,Muros,ES,42.7762,-9.0603,54.23,95,94,16.46,overcast clouds
379,Tocopilla,CL,-22.092,-70.1979,67.28,68,18,3.2,few clouds
380,Dingle,PH,10.9995,122.6711,79.77,77,87,14.81,overcast clouds
381,Balurghat,IN,25.2167,88.7667,76.57,54,51,5.61,broken clouds
382,Soria,ES,41.6667,-2.6667,37.0,85,52,19.08,broken clouds
383,Sheridan,US,44.8333,-106.9173,57.38,29,84,18.14,broken clouds
384,Buritizeiro,BR,-17.3511,-44.9622,72.45,81,99,3.44,overcast clouds
385,Biltine,TD,14.5333,20.9167,72.75,18,2,8.03,clear sky
386,Truro,GB,50.2653,-5.0544,45.68,76,40,31.07,scattered clouds
387,Taitung,TW,22.7583,121.1444,75.47,50,75,5.75,broken clouds
388,San Cristobal,VE,7.7669,-72.225,69.98,80,96,2.06,overcast clouds
389,Vostok,RU,46.4856,135.8833,15.8,72,59,4.74,broken clouds
390,Baker City,US,44.7749,-117.8344,44.64,93,90,0.0,overcast clouds
391,Yasothon,TH,15.75,104.1333,75.97,46,9,17.52,clear sky
392,Ballina,AU,-28.8667,153.5667,71.56,86,75,19.57,light rain
393,Ghatanji,IN,20.1333,78.3167,73.47,59,0,9.13,clear sky
394,Greencastle,US,39.6445,-86.8647,37.51,69,1,5.75,clear sky
395,Chepareria,KE,1.3077,35.2039,60.04,75,18,4.52,few clouds
396,Roma,US,43.2128,-75.4557,37.26,90,90,13.8,light snow
397,Skegness,GB,53.1436,0.3363,41.34,80,98,22.03,light rain
398,Ayolas,PY,-27.4,-56.9,71.73,68,45,6.29,scattered clouds
399,Jalu,LY,29.0331,21.5482,54.09,77,0,9.64,clear sky
400,Pishin,PK,30.5803,66.9961,46.47,71,5,1.16,clear sky
401,Bengkulu,ID,-3.8004,102.2655,78.46,83,100,8.41,overcast clouds
402,Kholtoson,RU,50.2981,103.3097,23.13,52,2,6.11,clear sky
403,Sambava,MG,-14.2667,50.1667,77.77,81,29,8.41,light rain
404,Liling,CN,27.6667,113.5,60.69,35,3,0.76,clear sky
405,Kijang,KR,35.2442,129.2139,47.93,54,5,1.54,clear sky
406,Beringovskiy,RU,63.05,179.3167,31.35,99,100,25.39,snow
407,Yulara,AU,-25.2406,130.9889,82.24,26,80,28.77,broken clouds
408,Celestun,MX,20.8667,-90.4,73.22,76,4,12.44,clear sky
409,Trzebnica,PL,51.3108,17.0633,34.29,89,100,7.87,light snow
410,Plettenberg Bay,ZA,-34.0527,23.3716,63.25,96,100,12.48,overcast clouds
411,Stromness,GB,58.965,-3.296,42.76,58,88,28.66,overcast clouds
412,Dali,CN,25.7,100.1833,59.25,61,20,1.66,few clouds
413,Pacifica,US,37.6138,-122.4869,54.61,86,75,4.0,broken clouds
414,Linhares,BR,-19.3911,-40.0722,68.43,92,16,3.11,few clouds
415,Buturlino,RU,55.5667,44.8974,24.53,81,90,9.53,overcast clouds
416,Bay-Khaak,RU,51.1667,94.5,4.57,90,61,0.94,broken clouds
417,Vestmanna,FO,62.1564,-7.1664,34.72,64,20,9.22,few clouds
418,Wewak,PG,-3.5534,143.6268,85.37,70,100,12.35,light rain
419,Dunedin,NZ,-45.8742,170.5036,52.03,93,100,15.84,light rain
420,Abu Kamal,SY,34.4506,40.9171,54.23,37,100,9.71,overcast clouds
421,Polunochnoye,RU,60.8697,60.4153,-2.6,96,100,6.26,overcast clouds
422,Kananga,CD,-5.8958,22.4178,66.38,98,100,2.06,overcast clouds
423,Labytnangi,RU,66.6572,66.4183,-29.07,98,8,4.5,clear sky
424,Cheney,US,47.4874,-117.5758,37.99,93,90,0.0,light snow
425,Kharan,PK,28.5833,65.4167,59.36,43,3,7.05,clear sky
426,Mogadishu,SO,2.0371,45.3438,79.63,73,95,16.35,overcast clouds
427,Quime,BO,-16.9833,-67.2167,51.3,95,100,3.42,overcast clouds
428,Semenivka,UA,52.1783,32.5818,26.4,94,100,6.64,overcast clouds
429,Pittsburg,US,38.028,-121.8847,54.19,92,90,1.99,mist
430,Mandalgovi,MN,45.7625,106.2708,29.12,37,24,20.45,few clouds
431,Fairbanks,US,64.8378,-147.7164,-7.69,73,90,0.0,light snow
432,Davila,PH,18.4726,120.5763,80.58,66,66,23.13,broken clouds
433,Saint-Augustin,CA,51.226,-58.6502,20.17,63,17,15.84,few clouds
434,Manyana,BW,-23.4,21.7167,66.99,67,100,8.03,overcast clouds
435,Abu Samrah,SY,35.3029,37.1841,53.37,45,100,7.02,overcast clouds
436,Tessalit,ML,20.1986,1.0114,62.71,17,100,8.84,overcast clouds
437,Gizo,SB,-8.103,156.8419,84.38,73,99,5.46,overcast clouds
438,Kirakira,SB,-10.4544,161.9205,85.24,72,84,1.81,broken clouds
439,Scituate,US,42.1959,-70.7259,42.64,74,90,1.99,overcast clouds
440,Najran,SA,17.4924,44.1277,48.85,36,0,1.63,clear sky
441,Luderitz,NA,-26.6481,15.1594,58.35,89,4,4.88,clear sky
442,Necochea,AR,-38.5473,-58.7368,54.03,88,100,5.57,light rain
443,Hammerfest,NO,70.6634,23.6821,18.05,67,0,4.61,clear sky
444,Provideniya,RU,64.3833,-173.3,28.17,96,100,27.56,snow
445,Sechelt,CA,49.4664,-123.7694,41.0,85,100,10.13,overcast clouds
446,Tabuk,PH,17.4189,121.4443,73.78,76,84,6.6,broken clouds
447,Nadym,RU,65.5333,72.5167,-28.82,100,93,1.92,overcast clouds
448,Khandagayty,RU,50.7333,92.05,12.61,89,29,1.5,scattered clouds
449,Llanes,ES,43.4198,-4.7549,49.89,85,100,30.22,light rain
450,Pangody,RU,65.85,74.4859,-31.65,100,52,1.45,broken clouds
451,Marzuq,YE,14.4,46.4667,60.49,32,0,1.43,clear sky
452,Moindou,NC,-21.6924,165.677,84.15,65,50,7.2,scattered clouds
453,Kirensk,RU,57.7853,108.1119,21.22,81,100,14.38,overcast clouds
454,Batagay,RU,67.6333,134.6333,-22.04,97,100,3.36,overcast clouds
455,Pangai,TO,-19.8,-174.35,84.31,74,40,12.66,light rain
456,Ternate,ID,0.8,127.4,80.19,84,100,10.94,overcast clouds
457,Tres Picos,MX,15.8667,-93.5333,77.23,75,0,4.88,clear sky
458,Coos Bay,US,43.3665,-124.2179,54.0,88,90,6.91,overcast clouds
459,Camacha,PT,33.0833,-16.3333,61.56,59,75,12.66,broken clouds
460,Kahului,US,20.8947,-156.47,71.62,81,75,8.05,light rain
461,Vao,NC,-22.6667,167.4833,76.87,85,100,17.67,overcast clouds
462,Mus,TR,39.0,41.75,29.19,81,100,4.23,overcast clouds
463,Isangel,VU,-19.55,169.2667,80.71,94,75,12.66,broken clouds
464,Flinders,AU,-34.5833,150.8552,66.38,64,95,12.12,overcast clouds
465,Gouvy,BE,50.186,5.9392,36.66,100,84,13.35,broken clouds
466,Nyurba,RU,63.2842,118.3319,4.41,86,99,10.67,overcast clouds
467,Sokolskoye,RU,57.1412,43.1589,14.05,88,90,9.17,overcast clouds
468,Myaundzha,RU,63.0494,147.1858,-45.31,99,67,2.06,broken clouds
469,Darhan,MN,49.4867,105.9228,20.19,73,98,1.34,overcast clouds
470,Kununurra,AU,-15.7667,128.7333,105.78,29,100,12.66,overcast clouds
471,Terrace,CA,54.5163,-128.6035,28.31,93,20,3.44,few clouds
472,Novoukrainskiy,RU,44.8969,38.0522,53.85,84,100,16.75,overcast clouds
473,Nhulunbuy,AU,-12.2333,136.7667,90.21,62,75,9.22,broken clouds
474,Bixby,US,35.942,-95.8833,59.95,89,90,0.0,mist
475,Karsun,RU,54.1994,46.9827,26.2,86,62,8.34,broken clouds
476,Wahiawa,US,21.5028,-158.0236,70.12,75,90,6.91,light intensity drizzle
477,Berlevag,NO,70.8578,29.0864,16.83,83,63,23.04,broken clouds
478,Gamba,GA,-2.65,10.0,77.0,92,100,5.64,overcast clouds
479,Wyndham,US,37.6985,-77.6125,45.46,86,1,0.0,clear sky
480,Sukhumi,GE,43.0033,41.0153,53.15,55,100,4.5,overcast clouds
481,Turkistan,KZ,43.0,68.0,42.75,51,100,5.93,overcast clouds
482,Antofagasta,CL,-23.65,-70.4,61.88,73,35,1.95,scattered clouds
483,Esfahan,IR,32.6572,51.6776,26.24,34,8,0.92,clear sky
484,Lappeenranta,FI,61.0587,28.1887,5.05,78,40,12.66,light snow
485,Hambantota,LK,6.1241,81.1185,80.94,100,20,2.3,few clouds
486,Lavrentiya,RU,65.5833,-171.0,24.66,96,100,19.26,snow
487,Kieta,PG,-6.2167,155.6333,83.46,79,100,2.51,moderate rain
488,Lewiston,US,44.1003,-70.2148,35.31,87,75,0.0,broken clouds
489,Rehoboth,NA,-23.3167,17.0833,52.79,44,0,7.07,clear sky
490,Ilo,PE,-17.6394,-71.3375,67.14,84,100,6.4,overcast clouds
491,Benjamin Aceval,PY,-24.9667,-57.5667,80.74,49,75,4.72,broken clouds
492,Halifax,CA,44.6453,-63.5724,28.45,83,64,2.3,broken clouds
493,Villamartin,ES,36.8598,-5.6449,56.01,86,65,3.71,broken clouds
494,Urbino,IT,43.7298,12.6356,51.48,79,55,14.67,broken clouds
495,Arki,IN,31.15,76.9667,60.98,45,53,3.18,broken clouds
496,Houma,US,29.5958,-90.7195,64.4,97,0,3.87,clear sky
497,Takoradi,GH,4.8845,-1.7554,79.2,82,99,4.47,light rain
498,Boras,SE,57.721,12.9401,25.83,87,99,11.5,overcast clouds
499,Port Lincoln,AU,-34.7333,135.8667,65.23,59,100,9.55,overcast clouds
500,Pathein,MM,16.7833,94.7333,81.32,64,46,9.71,scattered clouds
501,Udachnyy,RU,66.4167,112.4,-24.56,74,94,20.0,overcast clouds
502,Ponta Do Sol,PT,32.6667,-17.1,65.03,68,93,9.31,overcast clouds
503,Kantunilkin,MX,21.0917,-87.45,72.95,95,0,2.44,clear sky
504,Yaan,NG,7.3833,8.5667,76.39,34,100,2.28,overcast clouds
505,Northam,GB,51.0333,-4.2167,45.39,67,93,28.86,overcast clouds
506,Nouadhibou,MR,20.931,-17.0347,64.38,77,100,12.66,overcast clouds
507,San Vicente,AR,-26.6167,-54.1333,69.37,57,73,0.96,broken clouds
508,Maymyo,MM,22.0333,96.4667,68.9,64,68,2.39,broken clouds
509,Puerto Del Rosario,ES,28.5004,-13.8627,64.15,72,2,17.27,clear sky
510,Chernyshevskiy,RU,63.0128,112.4714,-5.03,91,100,10.96,overcast clouds
511,Point Fortin,TT,10.1833,-61.6833,77.02,84,18,10.8,few clouds
512,Rincon,US,32.296,-81.2354,62.13,100,40,4.61,scattered clouds
513,Ixtapa,MX,20.7,-105.2,71.42,84,79,2.64,broken clouds
514,Saldanha,ZA,-33.0117,17.9442,60.85,94,100,6.17,light rain
515,North Bend,US,43.4065,-124.2243,53.92,88,90,6.91,overcast clouds
516,Saint-Joseph,RE,-21.3667,55.6167,81.21,76,27,7.76,scattered clouds
517,Bubaque,GW,11.2833,-15.8333,80.29,76,18,12.41,few clouds
518,Pilar,BR,-9.5972,-35.9567,78.73,94,81,4.23,broken clouds
519,Grand Gaube,MU,-20.0064,57.6608,82.38,67,7,8.01,clear sky
520,Ust-Kulom,RU,61.6864,53.6902,5.52,94,100,8.41,light snow
521,Wajima,JP,37.4,136.9,41.68,60,75,5.75,broken clouds
522,Alihe,CN,50.5667,123.7167,23.18,72,100,1.92,overcast clouds
523,Bitkine,TD,11.9801,18.2138,72.54,23,98,6.42,overcast clouds
524,Ayagoz,KZ,47.9714,80.4392,21.78,92,100,7.72,overcast clouds
525,Broome,US,42.2506,-75.833,35.38,66,90,3.0,overcast clouds
526,Cayenne,GF,4.9333,-52.3333,76.08,92,90,0.0,mist
527,Mildura,AU,-34.2,142.15,77.07,27,82,6.91,broken clouds
528,Darnah,LY,32.767,22.6367,62.53,67,87,29.26,overcast clouds
529,Murwara,IN,23.85,80.4,70.74,41,2,6.69,clear sky
530,Valdivia,CL,-39.8142,-73.2459,60.89,58,0,3.65,clear sky
531,Saint-Louis,SN,16.3333,-15.0,76.64,15,100,9.26,overcast clouds
532,Nome,US,64.5011,-165.4064,12.27,85,90,20.71,snow
533,Atar,MR,20.5169,-13.0499,68.76,16,91,8.61,overcast clouds
534,Svetlaya,RU,46.5389,138.3297,25.41,61,29,6.71,scattered clouds
535,Monte Alegre De Sergipe,BR,-10.0272,-37.5622,74.46,88,99,6.46,light rain
536,Nelson Bay,AU,-32.7167,152.15,71.1,61,100,4.0,overcast clouds
537,High Level,CA,58.5169,-117.136,-18.29,83,90,0.0,overcast clouds
538,Troitsko-Pechorsk,RU,62.7084,56.1964,1.62,95,100,9.86,light snow
539,Prado,BR,-17.3411,-39.2208,71.91,91,6,3.09,light rain
540,Desnogorsk,RU,54.1508,33.2815,27.64,91,100,6.51,overcast clouds
541,Maamba,ZM,-17.3667,27.15,78.37,39,60,2.68,broken clouds
542,Tres Arroyos,AR,-38.3739,-60.2798,51.15,93,100,5.7,overcast clouds
543,Barranco,PA,9.5167,-82.7,73.8,90,100,3.38,overcast clouds
544,Prince Rupert,CA,54.3161,-130.3201,35.29,82,40,5.75,scattered clouds
545,Boyuibe,BO,-20.4167,-63.2833,67.3,98,99,7.49,moderate rain
546,Palmerston,AU,-12.486,130.9833,98.04,59,75,9.22,broken clouds
547,Varberg,SE,57.1056,12.2508,30.33,88,85,17.52,overcast clouds
548,Ormara,PK,25.2088,64.6357,73.49,66,0,5.28,clear sky
549,Port-Gentil,GA,-0.7193,8.7815,79.95,84,100,9.28,light rain
550,Ossora,RU,59.2353,163.0719,22.75,84,100,13.35,light snow
551,Wanaka,NZ,-44.7,169.15,68.11,52,53,1.99,broken clouds
552,Teguise,ES,29.0605,-13.564,57.42,72,0,11.5,clear sky
553,Mangrol,IN,21.1167,70.1167,77.2,56,5,9.8,clear sky
554,Bhatkal,IN,13.9667,74.5667,80.82,73,4,3.36,clear sky
555,Inhambane,MZ,-23.865,35.3833,79.16,82,0,8.93,clear sky
556,Contamana,PE,-7.3333,-75.0167,73.29,96,87,2.95,overcast clouds
557,Novyy Urengoy,RU,66.0833,76.6333,-30.26,100,12,2.26,few clouds
558,Biak,ID,-0.9131,122.8766,78.66,82,100,2.51,light rain
559,Mozarlandia,BR,-14.7447,-50.5706,72.99,93,86,4.68,light rain
560,Catuday,PH,16.2923,119.8062,79.83,54,65,7.36,broken clouds
561,Portland,US,45.5234,-122.6762,53.47,94,90,1.01,light rain
562,Puerto Ayacucho,VE,5.6639,-67.6236,75.45,87,87,2.55,overcast clouds
563,Oyem,GA,1.5995,11.5793,69.3,96,100,1.25,overcast clouds
564,Totness,SR,5.8833,-56.3167,76.64,90,58,8.16,moderate rain
565,Annau,TM,37.8876,58.516,36.9,100,90,6.91,fog
566,Mayumba,GA,-3.432,10.6554,77.09,92,100,7.52,overcast clouds
567,Huittinen,FI,61.1833,22.7,2.41,84,67,7.99,broken clouds
568,Shenjiamen,CN,29.9576,122.298,58.26,53,100,5.03,overcast clouds
569,Kochubey,RU,44.3861,46.5825,43.11,91,68,7.07,broken clouds
570,Pafos,CY,34.7667,32.4167,64.31,59,97,12.66,light rain
571,La Cruz,MX,23.9167,-106.9,67.46,86,45,8.05,scattered clouds
572,Teahupoo,PF,-17.8333,-149.2667,76.53,73,29,13.56,scattered clouds
573,Kolokani,ML,13.5728,-8.0339,68.86,18,95,10.38,overcast clouds
574,Huangzhai,CN,38.0751,112.6595,37.81,18,0,4.05,clear sky
575,Henties Bay,NA,-22.116,14.2845,57.85,88,0,7.43,clear sky
576,Santa Maria Da Vitoria,BR,-13.3947,-44.1886,68.25,97,81,1.86,broken clouds
577,Lakota,CI,5.8528,-5.6883,71.69,99,70,1.95,broken clouds
578,Pogar,RU,52.554,33.2591,26.69,94,100,6.35,overcast clouds
579,Saint-Francois,FR,46.4154,3.9054,38.68,85,90,3.44,overcast clouds
580,Gabu,GW,12.2833,-14.2167,70.92,92,91,4.32,overcast clouds
581,Ketchikan,US,55.3422,-131.6461,30.67,86,90,5.75,overcast clouds
582,Kalabo,ZM,-14.97,22.6814,68.16,87,86,2.13,overcast clouds
583,Maldonado,UY,-34.6667,-54.9167,63.79,95,84,5.32,broken clouds
584,Svetlyy,RU,54.675,20.1347,32.05,91,100,4.41,overcast clouds
585,Tarko-Sale,RU,64.9225,77.785,-24.48,99,97,4.79,overcast clouds
586,Coquimbo,CL,-29.9533,-71.3436,58.73,88,90,5.75,overcast clouds
587,Koster,ZA,-25.863,26.8976,57.34,91,100,13.53,light rain
588,Turochak,RU,52.2576,87.1224,22.78,98,100,2.68,overcast clouds
589,Reinosa,ES,42.9996,-4.138,41.22,99,100,5.5,overcast clouds
590,Tabou,CI,4.423,-7.3528,78.98,84,59,5.08,broken clouds
591,Farah,AF,32.5,62.5,47.95,51,0,2.37,clear sky
592,Krasnoselkup,RU,65.7,82.4667,-37.88,100,26,2.77,scattered clouds
593,Timmins,CA,48.4669,-81.3331,8.42,85,90,4.61,light snow
594,Faya,SA,18.3851,42.4509,45.12,41,0,2.15,clear sky
595,Vila Franca Do Campo,PT,37.7167,-25.4333,63.19,85,41,1.34,scattered clouds
596,Finschhafen,PG,-6.6024,147.8681,84.45,71,100,3.67,overcast clouds
597,Umea,SE,63.8284,20.2597,17.53,67,90,10.36,overcast clouds
598,Armidale,AU,-30.5167,151.65,58.8,79,85,12.26,overcast clouds
599,Yichun,CN,47.7,128.9,29.79,62,32,6.78,scattered clouds
600,Lipin Bor,RU,60.2622,37.9763,-5.1,98,11,6.29,few clouds
601,Sovetskiy,RU,61.3614,63.5842,-0.02,95,100,7.76,overcast clouds
602,Collie,AU,-33.3667,116.15,83.98,19,71,5.77,broken clouds
603,Elizabethtown,US,37.694,-85.8591,44.74,56,1,8.05,clear sky
604,Kuvshinovo,RU,57.0295,34.1725,17.76,95,100,4.29,light snow
605,Yidu,CN,24.1614,115.1328,66.65,28,61,4.36,broken clouds
606,Guarapari,BR,-20.6667,-40.4975,73.29,88,0,3.36,clear sky
607,Bharatpur,IN,27.2167,77.4833,69.55,52,1,4.81,clear sky
608,Barra Do Garcas,BR,-15.89,-52.2567,74.32,87,70,2.01,broken clouds
609,Markova,UA,48.6758,24.4138,24.31,85,100,4.38,overcast clouds
610,Sfantu Gheorghe,RO,45.8667,25.7833,27.93,91,100,1.77,overcast clouds
611,Farsund,NO,58.0948,6.8047,30.06,69,93,30.49,overcast clouds
612,Diego De Almagro,CL,-26.3667,-70.05,64.54,29,17,1.43,few clouds
613,Pisco,PE,-13.7,-76.2167,65.01,88,0,9.22,clear sky
614,Codajas,BR,-3.8367,-62.0569,72.79,98,61,2.66,broken clouds
615,Galle,LK,6.0367,80.217,82.78,74,48,3.91,scattered clouds
616,Lokomotivnyy,RU,53.0118,60.5684,26.58,80,89,16.2,overcast clouds
617,Krasne,UA,49.9145,24.6134,29.55,82,97,5.17,overcast clouds
618,Rawson,AR,-43.3002,-65.1023,68.27,43,0,24.63,clear sky
619,Avera,US,33.194,-82.5271,57.7,87,50,3.76,scattered clouds
620,Mao,ES,39.8885,4.2658,52.36,87,40,4.61,scattered clouds
621,Castelo Do Piaui,BR,-5.3222,-41.5525,73.26,90,96,3.06,overcast clouds
622,Tayoltita,MX,24.0833,-105.9333,61.54,55,74,5.57,broken clouds
623,Santa Maria Del Oro,MX,25.9333,-105.3667,59.72,37,100,0.04,overcast clouds
624,Hailey,US,43.5196,-114.3153,22.05,48,14,8.3,few clouds
625,Wexford,IE,52.3342,-6.4575,41.22,78,1,21.03,clear sky
626,Georgiyevka,KZ,43.0369,74.7114,35.64,100,90,4.47,mist
627,Geraldton,AU,-28.7667,114.6,88.21,33,0,18.41,clear sky
628,Brae,GB,60.3964,-1.353,39.11,68,95,24.67,overcast clouds
629,Casian,PH,11.035,119.7136,81.21,71,78,28.83,broken clouds
630,Nyrob,RU,60.733,56.7202,22.24,97,100,5.08,light snow
631,Suna,RU,57.8338,50.0588,12.38,87,94,11.34,overcast clouds
632,Poopo,BO,-18.3667,-66.9667,49.01,67,65,6.87,broken clouds
633,Hualmay,PE,-11.0964,-77.6139,66.43,86,100,7.94,overcast clouds
634,Iwaki,JP,37.05,140.8833,49.01,45,2,5.01,clear sky
635,Miri,MY,4.4148,114.0089,87.94,74,40,3.44,scattered clouds
636,Bhadrachalam,IN,17.6667,80.8833,77.05,72,55,5.41,broken clouds
637,Molina,CL,-35.1167,-71.2833,67.73,49,0,2.3,clear sky
638,Kurilsk,RU,45.2333,147.8833,33.03,53,95,20.29,overcast clouds
639,Worland,US,44.0169,-107.9554,54.75,34,98,1.88,overcast clouds
640,Zhenjiang,CN,32.2092,119.4342,60.8,48,78,3.0,broken clouds
641,Gwadar,PK,25.1216,62.3254,73.62,66,0,8.19,clear sky
642,Akdagmadeni,TR,39.6603,35.8836,36.45,67,93,4.41,overcast clouds
643,Piacabucu,BR,-10.4056,-36.4344,77.95,86,96,8.66,overcast clouds
644,Taoudenni,ML,22.6783,-3.9836,54.01,25,5,11.07,clear sky
645,Talitsy,RU,56.5289,42.3344,19.33,89,97,3.76,overcast clouds
646,Luziania,BR,-16.2525,-47.9503,73.09,93,12,4.21,few clouds
647,Porto Walter,BR,-8.2686,-72.7439,72.45,98,100,3.02,overcast clouds
648,Andros Town,BS,24.7,-77.7667,73.36,66,37,13.04,scattered clouds
649,Mnogovershinnyy,RU,53.9353,139.9242,1.35,85,65,7.9,broken clouds
650,West Bay,KY,19.3667,-81.4167,80.67,83,40,1.99,scattered clouds
651,Calvia,ES,39.5657,2.5062,57.92,59,17,21.68,few clouds
652,Belmonte,BR,-15.8631,-38.8828,77.5,90,71,3.24,broken clouds
653,Myrtle Beach,US,33.6891,-78.8867,55.44,94,1,0.0,clear sky
654,Pochutla,MX,15.7432,-96.4661,76.82,65,0,3.36,clear sky
655,Sonoita,MX,31.85,-112.8333,64.53,27,2,3.94,clear sky
656,Tevaitoa,PF,-16.7833,-151.5,81.03,67,61,11.95,broken clouds
657,Lowestoft,GB,52.4752,1.7516,39.45,93,93,13.65,overcast clouds
658,Gempol,ID,-7.1827,111.6137,85.03,70,97,10.07,overcast clouds
659,Sechura,PE,-5.5569,-80.8222,68.4,75,100,11.99,overcast clouds
660,Menongue,AO,-14.6585,17.691,63.36,94,100,3.91,overcast clouds
661,Guerrero Negro,MX,27.9769,-114.0611,61.84,84,40,14.47,scattered clouds
662,Mayor Pablo Lagerenza,PY,-19.9309,-60.7718,72.12,98,100,6.71,overcast clouds
663,Tianpeng,CN,30.9866,103.9393,54.07,50,14,3.96,few clouds
664,Barstow,US,34.8986,-117.0228,59.54,32,0,3.38,clear sky
665,Tobermory,CA,45.2501,-81.6665,26.31,54,100,28.45,overcast clouds
666,Berezovyy,RU,51.6667,135.7,13.42,80,100,2.13,overcast clouds
667,Ouadda,CF,8.0777,22.4007,71.62,36,38,4.79,scattered clouds
668,Dukat,RU,62.55,155.55,-34.4,98,13,5.1,few clouds
669,Tahe,CN,52.3333,124.7333,11.1,82,100,3.13,overcast clouds
670,Beberibe,BR,-4.1797,-38.1306,82.44,83,93,12.15,overcast clouds
671,Qaqortoq,GL,60.7167,-46.0333,31.41,99,100,17.47,snow
672,Douentza,ML,14.9951,-2.9517,68.99,18,100,4.32,overcast clouds
673,Piranshahr,IR,36.701,45.1413,37.0,35,62,5.64,broken clouds
674,Mora,CM,11.0461,14.1401,70.25,35,98,1.97,overcast clouds
675,Doha,QA,25.2867,51.5333,64.38,68,0,4.61,clear sky
676,Sturgeon Bay,US,44.8342,-87.377,32.36,43,75,13.8,broken clouds
677,Terney,RU,45.0503,136.6092,27.41,53,7,7.0,clear sky
678,Pucallpa,PE,-8.3791,-74.5539,78.84,100,75,3.44,broken clouds
679,Dickinson,US,29.4608,-95.0513,71.2,93,40,1.01,scattered clouds
680,Cairns,AU,-16.9167,145.7667,98.06,46,7,16.11,clear sky
681,Lat Yao,TH,15.751,99.7893,74.71,60,100,1.68,overcast clouds
682,Seymchan,RU,62.8833,152.4333,-43.04,100,87,0.36,overcast clouds
683,Vawkavysk,BY,53.1561,24.4513,29.89,86,78,4.72,broken clouds
684,Balti,MD,47.7617,27.9289,32.65,65,70,6.76,broken clouds
685,Haapiti,PF,-17.5667,-149.8667,81.72,68,39,12.5,scattered clouds
686,Quang Ngai,VN,15.1167,108.8,67.87,83,100,10.56,overcast clouds
687,Corrente,BR,-3.7367,-43.3394,72.88,98,100,0.63,overcast clouds
688,Dauriya,RU,49.9333,116.8667,23.94,76,9,18.43,clear sky
689,Tamahu,GT,15.3333,-90.1667,57.88,100,98,1.19,overcast clouds
690,Kiunga,PG,-6.1219,141.2906,80.73,92,97,3.49,light rain
691,Mahibadhoo,MV,3.7833,72.9667,83.05,72,24,11.95,few clouds
692,Luis Moya,MX,22.4324,-102.2486,57.99,41,47,4.56,scattered clouds
693,Batemans Bay,AU,-35.7167,150.1833,64.2,56,100,6.78,overcast clouds
694,Gigmoto,PH,13.7796,124.39,80.35,67,68,16.71,broken clouds
695,Limoux,FR,42.9167,2.1667,42.13,67,74,11.7,light rain
696,Bestobe,KZ,52.4994,73.0975,25.84,87,98,12.39,overcast clouds
697,Deputatskiy,RU,69.3,139.9,-34.01,93,99,2.44,overcast clouds
698,Praia,CV,14.9215,-23.5087,72.14,83,75,10.36,broken clouds
699,Martapura,ID,-3.4167,114.85,80.69,94,40,4.61,light rain
700,Owando,CG,-0.4819,15.8999,72.3,95,100,0.51,overcast clouds
701,Panzhihua,CN,26.5851,101.7128,57.18,78,98,0.72,overcast clouds
702,Strezhevoy,RU,60.7333,77.5889,6.78,95,100,10.25,snow
703,Marabba,SD,12.35,32.1833,76.78,28,0,9.84,clear sky
704,Lulea,SE,65.5842,22.1547,3.27,92,90,6.91,overcast clouds
705,Kyra,RU,49.5776,111.9753,26.22,66,17,6.87,few clouds
706,Ottawa,CA,45.4112,-75.6981,24.73,90,90,4.61,light shower snow
707,Nizamabad,IN,18.6667,78.1167,74.41,59,13,7.85,few clouds
708,Drinovci,BA,43.355,17.3539,38.03,89,100,6.93,overcast clouds
709,Poya,NC,-21.35,165.15,84.81,62,40,6.64,scattered clouds
710,Hobyo,SO,5.3505,48.5268,78.82,73,38,18.01,scattered clouds
711,Kulhudhuffushi,MV,6.6221,73.07,82.35,73,72,5.82,broken clouds
712,Whyalla,AU,-33.0333,137.5833,73.29,43,89,6.91,overcast clouds
